window,total_dio_tx,total_dio_rx,total_dao_tx,total_dao_rx,total_dis_tx,total_global_repair,total_local_repair,total_parent_switch,total_queue_flush,total_not_assoc,distinct_dio_versions_network,n_nodes_active,total_tx_count,total_delivered,avg_latency_ms_network,pdr_window,label_attack
0,13,17,0,0,0,0,0,0,0,0,1,0,0,0,,,1
1,23,33,10,10,5,0,0,8,0,5,1,0,0,0,,,1
2,41,77,10,9,12,0,0,6,0,10,1,0,0,0,,,1
3,40,93,14,15,10,0,0,7,0,7,1,0,0,0,,,1
4,54,113,12,12,9,0,0,7,0,6,1,0,0,0,,,1
5,38,115,12,12,8,0,0,4,0,5,1,0,0,0,,,1
6,48,141,8,8,4,0,0,3,0,3,1,6,6,5,106.6,0.8333333333333334,1
7,32,88,7,6,6,0,0,4,0,6,1,7,7,7,112.57142857142857,1.0,1
8,31,68,7,8,1,0,0,3,0,0,1,7,7,8,112.5,1.1428571428571428,1
9,42,126,6,6,3,0,0,2,0,0,1,4,4,3,107.33333333333333,0.75,1
10,36,97,8,8,0,0,0,4,0,0,1,5,5,6,101.83333333333333,1.2,1
11,18,46,2,2,0,0,0,0,0,0,1,8,8,8,114.75,1.0,1
12,12,33,0,0,0,0,0,0,0,0,1,11,11,11,110.54545454545455,1.0,1
13,15,44,0,0,0,0,0,0,0,0,1,7,7,6,116.0,0.8571428571428571,1
14,22,73,0,0,0,0,0,0,0,0,1,9,9,10,113.9,1.1111111111111112,1
15,16,71,0,0,0,0,0,0,0,0,1,6,6,6,115.66666666666667,1.0,1
16,17,51,0,0,0,0,0,0,0,0,1,5,5,5,104.4,1.0,1
17,14,22,0,0,0,0,0,0,0,0,1,9,9,9,112.22222222222223,1.0,1
18,7,11,0,0,0,0,0,0,0,0,1,11,11,11,108.0909090909091,1.0,1
19,8,11,0,0,0,0,0,0,0,0,1,7,7,6,108.5,0.8571428571428571,1
20,13,26,0,0,0,0,0,0,0,0,1,9,9,10,107.1,1.1111111111111112,1
21,7,13,0,0,0,0,0,0,0,0,1,6,6,6,109.66666666666667,1.0,1
22,9,10,0,0,0,0,0,0,0,0,1,5,5,5,105.2,1.0,1
23,8,27,0,0,0,0,0,0,0,0,1,9,9,9,112.55555555555556,1.0,1
24,10,30,0,0,0,0,0,0,0,0,1,11,11,11,110.0909090909091,1.0,1
25,8,25,0,0,0,0,0,0,0,0,1,7,7,6,112.83333333333333,0.8571428571428571,1
26,12,30,0,0,0,0,0,0,0,0,1,9,9,10,106.1,1.1111111111111112,1
27,17,56,0,0,0,0,0,0,0,0,1,6,6,6,108.16666666666667,1.0,1
28,13,31,0,0,0,0,0,0,0,0,1,5,5,5,100.0,1.0,1
29,10,23,0,0,0,0,0,0,0,0,1,9,9,9,111.22222222222223,1.0,1
30,11,17,0,0,0,0,0,0,0,0,1,11,11,11,112.45454545454545,1.0,1
31,6,15,0,0,0,0,0,0,0,0,1,7,7,6,101.66666666666667,0.8571428571428571,1
32,8,18,0,0,0,0,0,0,0,0,1,9,9,10,103.9,1.1111111111111112,1
33,12,19,0,0,0,0,0,0,0,0,1,6,6,6,112.33333333333333,1.0,1
34,11,11,0,0,0,0,0,0,0,0,1,5,5,5,114.0,1.0,1
35,7,7,0,0,0,0,0,0,0,0,1,9,9,9,110.66666666666667,1.0,1
36,4,7,0,0,0,0,0,0,0,0,1,11,11,11,115.0909090909091,1.0,1
37,5,5,0,0,0,0,0,0,0,0,1,7,7,6,105.66666666666667,0.8571428571428571,1
38,5,3,0,0,0,0,0,0,0,0,1,9,9,10,112.7,1.1111111111111112,1
39,5,6,0,0,0,0,0,0,0,0,1,6,6,6,108.16666666666667,1.0,1
40,5,5,0,0,0,0,0,0,0,0,1,5,5,5,117.0,1.0,1
41,8,6,0,0,0,0,0,0,0,0,1,9,9,9,112.33333333333333,1.0,1
42,7,12,0,0,0,0,0,0,0,0,1,11,11,11,113.0,1.0,1
43,9,12,0,0,0,0,0,0,0,0,1,7,7,6,111.5,0.8571428571428571,1
44,8,12,0,0,0,0,0,0,0,0,1,9,9,10,110.9,1.1111111111111112,1
45,5,24,0,0,0,0,0,0,0,0,1,6,6,6,108.0,1.0,1
46,7,23,0,0,0,0,0,0,0,0,1,5,5,5,110.2,1.0,1
47,9,23,0,0,0,0,0,0,0,0,1,9,9,9,109.33333333333333,1.0,1
48,15,33,0,0,0,0,0,0,0,0,1,11,11,11,107.27272727272727,1.0,1
49,7,25,0,0,0,0,0,0,0,0,1,7,7,6,95.33333333333333,0.8571428571428571,1
50,10,25,0,0,0,0,0,0,0,0,1,9,9,10,107.1,1.1111111111111112,1
51,6,8,0,0,0,0,0,0,0,0,1,6,6,6,113.5,1.0,1
52,9,23,0,0,0,0,0,0,0,0,1,5,5,5,114.0,1.0,1
53,7,17,0,0,0,0,0,0,0,0,1,9,9,9,107.77777777777777,1.0,1
54,8,17,0,0,0,0,0,0,0,0,1,11,11,11,106.18181818181819,1.0,1
55,8,13,0,0,0,0,0,0,0,0,1,7,7,6,106.0,0.8571428571428571,1
56,10,21,0,0,0,0,0,0,0,0,1,9,9,10,108.6,1.1111111111111112,1
57,8,8,0,0,0,0,0,0,0,0,1,6,6,6,110.0,1.0,1
58,7,7,0,0,0,0,0,0,0,0,1,5,5,5,112.4,1.0,1
59,2,5,0,0,0,0,0,0,0,0,1,9,9,9,101.88888888888889,1.0,1
60,5,8,0,0,0,0,0,0,0,0,1,11,11,11,109.27272727272727,1.0,1
61,2,6,0,0,0,0,0,0,0,0,1,7,7,6,106.0,0.8571428571428571,1
62,6,3,0,0,0,0,0,0,0,0,1,9,9,10,110.9,1.1111111111111112,1
63,3,2,0,0,0,0,0,0,0,0,1,6,6,6,106.0,1.0,1
64,8,7,0,0,0,0,0,0,0,0,1,5,5,5,110.6,1.0,1
65,7,7,0,0,0,0,0,0,0,0,1,9,9,9,107.55555555555556,1.0,1
66,4,2,2,2,0,0,0,1,0,0,1,11,11,11,109.0,1.0,1
67,7,5,0,0,0,0,0,0,0,0,1,7,7,6,108.0,0.8571428571428571,1
68,4,3,0,0,0,0,0,0,0,0,1,9,9,10,110.6,1.1111111111111112,1
69,4,4,0,0,0,0,0,0,0,0,1,6,6,6,103.66666666666667,1.0,1
70,6,5,0,0,0,0,0,0,0,0,1,5,5,5,108.2,1.0,1
71,0,0,0,0,0,0,0,0,0,0,0,9,9,9,110.0,1.0,1
72,3,3,2,2,0,0,0,1,0,0,1,11,11,11,107.36363636363636,1.0,1
73,5,4,0,0,0,0,0,0,0,0,1,7,7,6,105.33333333333333,0.8571428571428571,1
74,5,5,0,0,0,0,0,0,0,0,1,9,9,10,113.5,1.1111111111111112,1
75,5,3,0,0,0,0,0,0,0,0,1,6,6,6,108.83333333333333,1.0,1
76,11,7,0,0,0,0,0,0,0,0,1,5,5,5,106.6,1.0,1
77,3,3,0,0,0,0,0,0,0,0,1,9,9,9,108.66666666666667,1.0,1
78,2,2,0,0,0,0,0,0,0,0,1,11,11,11,105.81818181818181,1.0,1
79,3,3,0,0,0,0,0,0,0,0,1,7,7,6,111.5,0.8571428571428571,1
80,3,3,0,0,0,0,0,0,0,0,1,9,9,10,112.5,1.1111111111111112,1
81,2,2,0,0,0,0,0,0,0,0,1,6,6,6,106.66666666666667,1.0,1
82,4,8,0,0,0,0,0,0,0,0,1,5,5,5,112.2,1.0,1
83,7,5,0,0,0,0,0,0,0,0,1,9,9,9,110.0,1.0,1
84,4,5,0,0,0,0,0,0,0,0,1,11,11,11,113.63636363636364,1.0,1
85,8,17,0,0,0,0,0,0,0,0,1,7,7,6,109.0,0.8571428571428571,1
86,8,18,0,0,0,0,0,0,0,0,1,9,9,10,108.6,1.1111111111111112,1
87,5,5,0,0,0,0,0,0,0,0,1,6,6,6,113.83333333333333,1.0,1
88,5,8,0,0,0,0,0,0,0,0,1,5,5,5,110.4,1.0,1
89,4,6,0,0,0,0,0,0,0,0,1,9,9,9,106.22222222222223,1.0,1
90,6,12,0,0,0,0,0,0,0,0,1,11,11,11,105.0909090909091,1.0,1
91,6,5,0,0,0,0,0,0,0,0,1,7,7,6,110.66666666666667,0.8571428571428571,1
92,5,2,0,0,0,0,0,0,0,0,1,9,9,10,115.4,1.1111111111111112,1
93,7,13,0,0,0,0,0,0,0,0,1,6,6,6,112.0,1.0,1
94,10,19,0,0,0,0,0,0,0,0,1,5,5,5,102.6,1.0,1
95,13,25,0,0,0,0,0,0,0,0,1,9,9,9,113.11111111111111,1.0,1
96,10,9,0,0,0,0,0,0,0,0,1,11,11,11,109.27272727272727,1.0,1
97,6,18,0,0,0,0,0,0,0,0,1,7,7,6,109.0,0.8571428571428571,1
98,8,18,0,0,0,0,0,0,0,0,1,9,9,10,110.3,1.1111111111111112,1
99,5,17,0,0,0,0,0,0,0,0,1,6,6,6,108.0,1.0,1
100,7,21,0,0,0,0,0,0,0,0,1,5,5,5,104.4,1.0,1
101,10,13,0,0,0,0,0,0,0,0,1,8,8,8,109.375,1.0,1
102,9,26,0,0,0,0,0,0,0,0,1,11,11,11,107.81818181818181,1.0,1
103,8,16,0,0,0,0,0,0,0,0,1,7,7,6,105.16666666666667,0.8571428571428571,1
104,8,8,0,0,0,0,0,0,0,0,1,9,9,10,105.7,1.1111111111111112,1
105,10,14,0,0,0,0,0,0,0,0,1,5,5,5,123.8,1.0,1
106,8,18,0,0,0,0,0,0,0,0,1,5,5,5,113.0,1.0,1
107,9,21,0,0,0,0,0,0,0,0,1,8,8,8,111.25,1.0,1
108,3,2,0,0,0,0,0,0,0,0,1,11,11,11,113.27272727272727,1.0,1
109,11,14,0,0,0,0,0,0,0,0,1,7,7,6,116.83333333333333,0.8571428571428571,1
110,8,8,0,0,0,0,0,0,0,0,1,9,9,10,102.7,1.1111111111111112,1
111,4,4,0,0,0,0,0,0,0,0,1,5,5,5,107.8,1.0,1
112,2,1,0,0,0,0,0,0,0,0,1,5,5,5,104.2,1.0,1
113,7,6,0,0,0,0,0,0,0,0,1,8,8,8,113.25,1.0,1
114,5,4,0,0,0,0,0,0,0,0,1,11,11,11,116.72727272727273,1.0,1
115,6,6,0,0,0,0,0,0,0,0,1,7,7,6,117.66666666666667,0.8571428571428571,1
116,4,3,0,0,0,0,0,0,0,0,1,8,8,9,104.88888888888889,1.125,1
117,9,9,0,0,0,0,0,0,0,0,1,5,5,5,112.6,1.0,1
118,5,3,0,0,0,0,0,0,0,0,1,5,5,5,113.0,1.0,1
119,8,5,0,0,0,0,0,0,0,0,1,8,8,8,111.75,1.0,1
120,3,3,0,0,0,0,0,0,0,0,1,11,11,11,114.0909090909091,1.0,1
121,4,3,0,0,0,0,0,0,0,0,1,7,7,6,115.83333333333333,0.8571428571428571,1
122,4,4,0,0,0,0,0,0,0,0,1,8,8,9,102.33333333333333,1.125,1
123,3,2,0,0,0,0,0,0,0,0,1,5,5,5,116.2,1.0,1
124,5,3,0,0,0,0,0,0,0,0,1,5,5,5,107.4,1.0,1
125,5,4,0,0,0,0,0,0,0,0,1,8,8,8,107.125,1.0,1
126,6,5,0,0,0,0,0,0,0,0,1,11,11,11,106.63636363636364,1.0,1
127,6,6,0,0,0,0,0,0,0,0,1,7,7,6,105.83333333333333,0.8571428571428571,1
128,7,5,0,0,0,0,0,0,0,0,1,8,8,9,100.55555555555556,1.125,1
129,0,0,0,0,0,0,0,0,0,0,0,5,5,5,115.6,1.0,1
130,5,4,0,0,0,0,0,0,0,0,1,5,5,5,110.0,1.0,1
131,4,2,0,0,0,0,0,0,0,0,1,8,8,8,110.75,1.0,1
132,1,1,0,0,0,0,0,0,0,0,1,11,11,11,108.18181818181819,1.0,1
133,4,2,0,0,0,0,0,0,0,0,1,7,7,6,111.0,0.8571428571428571,1
134,3,2,0,0,0,0,0,0,0,0,1,8,8,9,107.22222222222223,1.125,1
135,7,6,0,0,0,0,0,0,0,0,1,5,5,5,105.8,1.0,1
136,6,6,0,0,0,0,0,0,0,0,1,5,5,5,112.2,1.0,1
137,6,4,0,0,0,0,0,0,0,0,1,8,8,8,107.625,1.0,1
138,3,1,0,0,0,0,0,0,0,0,1,11,11,11,110.36363636363636,1.0,1
139,6,3,0,0,0,0,0,0,0,0,1,7,7,6,105.16666666666667,0.8571428571428571,1
140,2,1,0,0,0,0,0,0,0,0,1,8,8,9,119.11111111111111,1.125,1
141,3,2,0,0,0,0,0,0,0,0,1,4,4,4,108.25,1.0,1
142,7,5,0,0,0,0,0,0,0,0,1,5,5,5,107.6,1.0,1
143,4,4,0,0,0,0,0,0,0,0,1,7,7,7,105.28571428571429,1.0,1
144,3,2,0,0,0,0,0,0,0,0,1,11,11,11,111.63636363636364,1.0,1
145,2,2,0,0,0,0,0,0,0,0,1,7,7,6,111.83333333333333,0.8571428571428571,1
146,7,5,0,0,0,0,0,0,0,0,1,7,7,8,105.75,1.1428571428571428,1
147,5,2,0,0,0,0,0,0,0,0,1,4,4,4,106.75,1.0,1
148,7,5,0,0,0,0,0,0,0,0,1,5,5,5,116.4,1.0,1
149,4,3,0,0,0,0,0,0,0,0,1,7,7,7,114.57142857142857,1.0,1
150,4,3,0,0,0,0,0,0,0,0,1,11,11,11,107.9090909090909,1.0,1
151,3,2,0,0,0,0,0,0,0,0,1,7,7,6,114.83333333333333,0.8571428571428571,1
152,6,5,0,0,0,0,0,0,0,0,1,7,7,8,108.0,1.1428571428571428,1
153,7,4,0,0,0,0,0,0,0,0,1,4,4,4,116.75,1.0,1
154,2,1,0,0,0,0,0,0,0,0,1,5,5,5,109.6,1.0,1
155,3,3,0,0,0,0,0,0,0,0,1,7,7,7,116.57142857142857,1.0,1
156,5,3,0,0,0,0,0,0,0,0,1,11,11,11,109.81818181818181,1.0,1
157,2,2,0,0,0,0,0,0,0,0,1,7,7,6,108.33333333333333,0.8571428571428571,1
158,6,4,0,0,0,0,0,0,0,0,1,7,7,8,107.625,1.1428571428571428,1
159,7,4,0,0,0,0,0,0,0,0,1,4,4,4,110.0,1.0,1
160,9,8,0,0,0,0,0,0,0,0,1,5,5,5,106.0,1.0,1
161,2,8,0,0,0,0,0,0,0,0,1,6,6,6,113.0,1.0,1
162,5,3,0,0,0,0,0,0,0,0,1,11,11,11,110.81818181818181,1.0,1
163,7,21,0,0,0,0,0,0,0,0,1,7,7,6,115.83333333333333,0.8571428571428571,1
164,10,22,0,0,0,0,0,0,0,0,1,7,7,8,107.5,1.1428571428571428,1
165,7,7,0,0,0,0,0,0,0,0,1,4,4,4,103.5,1.0,1
166,6,5,0,0,0,0,0,0,0,0,1,5,5,5,109.4,1.0,1
167,6,9,0,0,0,0,0,0,0,0,1,6,6,6,118.16666666666667,1.0,1
168,6,13,0,0,0,0,0,0,0,0,1,11,11,11,110.0909090909091,1.0,1
169,4,8,0,0,0,0,0,0,0,0,1,7,7,6,104.83333333333333,0.8571428571428571,1
170,4,4,3,2,0,0,0,0,0,0,1,7,7,8,113.75,1.1428571428571428,1
171,6,13,1,2,0,0,0,0,0,0,1,4,4,4,104.5,1.0,1
172,2,1,6,6,0,0,0,0,0,0,1,5,5,5,112.2,1.0,1
173,6,6,14,14,0,0,0,0,0,0,1,6,6,6,112.83333333333333,1.0,1
174,6,6,6,6,0,0,0,0,0,0,1,10,10,10,107.6,1.0,1
175,4,9,10,10,0,0,0,0,0,0,1,7,7,6,113.83333333333333,0.8571428571428571,1
176,5,8,6,6,0,0,0,0,0,0,1,7,7,8,101.875,1.1428571428571428,1
177,3,1,6,6,0,0,0,0,0,0,1,4,4,4,108.25,1.0,1
178,7,9,16,16,0,0,0,0,0,0,1,5,5,5,109.0,1.0,1
179,7,8,4,4,0,0,0,0,0,0,1,6,6,6,108.5,1.0,1
180,7,13,6,6,0,0,0,0,0,0,1,10,10,10,103.9,1.0,1
181,11,8,4,4,0,0,0,0,0,0,1,7,7,6,108.16666666666667,0.8571428571428571,1
182,3,3,4,4,0,0,0,0,0,0,1,7,7,8,110.625,1.1428571428571428,1
183,5,4,1,0,0,0,0,0,0,0,1,4,4,4,113.25,1.0,1
184,8,11,3,4,0,0,0,0,0,0,1,4,4,4,105.25,1.0,1
185,9,7,0,0,0,0,0,0,0,0,1,6,6,6,116.33333333333333,1.0,1
186,6,6,2,2,0,0,0,1,0,0,1,9,9,9,111.77777777777777,1.0,1
187,6,12,0,0,0,0,0,0,0,0,1,7,7,6,107.16666666666667,0.8571428571428571,1
188,12,21,0,0,0,0,0,0,0,0,1,7,7,8,116.25,1.1428571428571428,1
189,4,3,0,0,0,0,0,0,0,0,1,4,4,4,114.5,1.0,1
190,7,8,0,0,0,0,0,0,0,0,1,4,4,4,104.5,1.0,1
191,9,16,0,0,0,0,0,0,0,0,1,6,6,6,108.16666666666667,1.0,1
192,13,35,20,18,0,36,19,30,0,0,2,7,7,7,114.71428571428571,1.0,1
193,32,124,34,29,0,36,18,39,0,0,2,6,6,2,102.0,0.3333333333333333,1
194,41,158,34,34,0,18,9,21,0,0,2,6,6,10,115.6,1.6666666666666667,1
195,38,129,18,16,0,6,3,6,0,0,2,4,4,3,106.33333333333333,0.75,1
196,25,107,10,9,0,0,1,4,2,0,1,4,4,5,102.4,1.25,1
197,19,75,6,4,0,0,0,0,0,0,1,5,5,5,113.8,1.0,1
198,22,83,4,2,0,0,0,0,0,0,1,9,9,9,110.22222222222223,1.0,1
199,23,87,1,0,1,0,1,2,1,0,1,7,7,6,113.0,0.8571428571428571,1
200,15,37,5,2,0,0,0,0,0,0,1,7,7,8,115.625,1.1428571428571428,1
201,15,21,4,2,0,0,1,1,1,0,1,4,4,4,111.0,1.0,1
202,13,43,2,2,0,0,0,1,0,0,1,4,4,4,115.25,1.0,1
203,15,70,0,0,0,0,0,0,0,0,1,6,6,6,113.16666666666667,1.0,1
204,18,67,0,0,0,0,0,0,0,0,1,9,9,9,107.33333333333333,1.0,1
205,15,46,0,0,0,0,0,0,0,0,1,7,7,6,100.83333333333333,0.8571428571428571,1
206,14,27,0,0,0,0,0,0,0,0,1,7,7,8,112.75,1.1428571428571428,1
207,6,8,0,0,0,0,0,0,0,0,1,4,4,4,99.25,1.0,1
208,5,8,0,0,0,0,0,0,0,0,1,4,4,4,119.5,1.0,1
209,5,4,0,0,0,0,0,0,0,0,1,6,6,6,110.83333333333333,1.0,1
210,9,13,0,0,0,0,0,0,0,0,1,9,9,9,118.0,1.0,1
211,4,6,0,0,0,0,0,0,0,0,1,7,7,6,104.33333333333333,0.8571428571428571,1
212,6,13,0,0,0,0,0,0,0,0,1,7,7,8,103.5,1.1428571428571428,1
213,8,33,0,0,0,0,0,0,0,0,1,4,4,4,107.5,1.0,1
214,12,42,0,0,0,0,0,0,0,0,1,4,4,4,125.25,1.0,1
215,14,52,0,0,0,0,0,0,0,0,1,6,6,6,109.16666666666667,1.0,1
216,9,37,0,0,0,0,0,0,0,0,1,9,9,9,109.77777777777777,1.0,1
217,13,36,0,0,0,0,0,0,0,0,1,7,7,6,106.33333333333333,0.8571428571428571,1
218,8,14,0,0,0,0,0,0,0,0,1,7,7,8,107.25,1.1428571428571428,1
219,7,15,0,0,0,0,0,0,0,0,1,4,4,4,103.5,1.0,1
220,8,17,0,0,0,0,0,0,0,0,1,4,4,4,101.75,1.0,1
221,7,7,0,0,0,0,0,0,0,0,1,6,6,6,106.5,1.0,1
222,6,9,0,0,0,2,1,1,0,0,2,9,9,8,110.5,0.8888888888888888,1
223,6,5,0,0,0,0,0,0,0,0,1,7,7,6,109.5,0.8571428571428571,1
224,3,3,0,0,0,0,0,0,0,0,1,6,6,7,110.42857142857143,1.1666666666666667,1
225,2,1,0,0,0,0,0,0,0,0,1,4,4,4,110.0,1.0,1
226,5,3,0,0,0,0,0,0,0,0,1,4,4,4,117.5,1.0,1
227,5,2,0,0,0,0,0,0,0,0,1,6,6,6,105.33333333333333,1.0,1
228,4,3,0,0,0,0,0,0,0,0,1,8,8,7,121.0,0.875,1
229,4,4,0,0,0,0,0,0,0,0,1,7,7,6,109.33333333333333,0.8571428571428571,1
230,6,6,0,0,0,0,0,0,0,0,1,6,6,7,109.42857142857143,1.1666666666666667,1
231,5,6,0,0,1,0,0,0,0,0,1,4,4,4,112.25,1.0,1
232,11,41,0,0,0,0,0,0,0,0,1,3,3,3,99.66666666666667,1.0,1
233,7,22,0,0,1,0,1,0,0,0,1,6,6,6,112.0,1.0,1
234,12,40,0,0,0,0,0,0,0,0,1,8,8,7,110.57142857142857,0.875,1
235,9,24,0,0,0,0,0,0,0,0,1,7,7,6,111.83333333333333,0.8571428571428571,1
236,15,47,0,0,0,0,0,0,0,0,1,6,6,7,114.71428571428571,1.1666666666666667,1
237,8,26,0,0,0,0,0,0,0,0,1,4,4,4,111.5,1.0,1
238,11,27,0,0,1,0,0,0,0,0,1,3,3,3,102.0,1.0,1
239,11,37,0,0,0,0,0,0,0,0,1,6,6,6,113.5,1.0,1
240,9,19,0,0,0,0,0,0,0,0,1,8,8,7,107.71428571428571,0.875,1
241,11,32,0,0,1,0,0,0,0,0,1,6,6,6,110.83333333333333,1.0,1
242,8,31,0,0,0,0,0,0,0,0,1,6,6,6,111.66666666666667,1.0,1
243,12,35,0,0,0,0,0,0,0,0,1,4,4,4,108.5,1.0,1
244,9,18,0,0,0,0,0,0,0,0,1,3,3,3,124.0,1.0,1
245,7,26,0,0,1,0,0,0,0,0,1,6,6,6,111.33333333333333,1.0,1
246,10,25,0,0,0,0,0,0,0,0,1,8,8,7,108.42857142857143,0.875,1
247,9,22,0,0,0,0,0,0,0,0,1,6,6,6,108.16666666666667,1.0,1
248,4,7,0,0,1,0,0,0,0,0,1,6,6,6,111.5,1.0,1
249,10,31,0,0,0,0,0,0,0,0,1,4,4,4,108.25,1.0,1
250,3,1,0,0,0,0,0,0,0,0,1,3,3,3,115.33333333333333,1.0,1
251,10,20,0,0,0,0,0,0,0,0,1,6,6,6,106.5,1.0,1
252,13,34,0,0,1,0,0,1,0,0,1,7,7,6,105.0,0.8571428571428571,1
253,15,20,4,4,0,0,0,1,0,0,1,6,6,6,103.33333333333333,1.0,1
254,7,27,0,0,0,0,0,0,0,0,1,7,7,7,111.14285714285714,1.0,1
255,4,2,2,2,0,0,0,1,0,0,1,4,4,4,109.75,1.0,1
256,11,17,0,0,0,0,0,0,0,0,1,3,3,3,112.66666666666667,1.0,1
257,8,16,0,0,0,0,0,0,0,0,1,6,6,6,104.16666666666667,1.0,1
258,8,7,0,0,0,0,0,0,0,0,1,6,6,6,116.5,1.0,1
259,6,8,0,0,0,0,0,0,0,0,1,6,6,6,109.16666666666667,1.0,1
260,2,1,0,0,0,0,0,0,0,0,1,7,7,7,113.71428571428571,1.0,1
261,11,12,0,0,0,0,0,0,0,0,1,4,4,4,114.0,1.0,1
262,3,1,0,0,0,0,0,0,0,0,1,3,3,3,118.33333333333333,1.0,1
263,6,8,0,0,0,0,0,0,0,0,1,6,6,6,110.33333333333333,1.0,1
264,7,7,0,0,0,0,0,0,0,0,1,6,6,6,107.33333333333333,1.0,1
265,4,7,0,0,0,0,0,0,0,0,1,6,6,6,106.83333333333333,1.0,1
266,9,5,0,0,0,0,0,0,0,0,1,7,7,7,113.57142857142857,1.0,1
267,5,3,0,0,0,0,0,0,0,0,1,4,4,4,110.75,1.0,1
268,8,3,0,0,0,0,0,0,0,0,1,3,3,3,105.33333333333333,1.0,1
269,4,2,0,0,0,0,0,0,0,0,1,6,6,6,114.0,1.0,1
270,4,3,0,0,0,0,0,0,0,0,1,6,6,6,110.66666666666667,1.0,1
271,6,10,0,0,0,0,0,0,0,0,1,6,6,6,116.5,1.0,1
272,13,12,0,0,0,0,0,0,0,0,1,6,6,6,110.33333333333333,1.0,1
273,8,7,0,0,0,0,0,0,0,0,1,4,4,4,112.75,1.0,1
274,3,2,0,0,0,0,0,0,0,0,1,3,3,3,103.66666666666667,1.0,1
275,7,18,0,0,0,0,0,0,0,0,1,6,6,6,113.0,1.0,1
276,9,29,0,0,0,0,0,0,0,0,1,6,6,6,113.16666666666667,1.0,1
277,4,7,0,0,0,0,0,0,0,0,1,6,6,6,111.16666666666667,1.0,1
278,6,11,0,0,0,0,0,0,0,0,1,6,6,6,110.33333333333333,1.0,1
279,3,2,0,0,0,0,0,0,0,0,1,4,4,4,112.75,1.0,1
280,9,17,0,0,0,0,0,0,0,0,1,3,3,3,116.66666666666667,1.0,1
281,8,6,0,0,0,0,0,0,0,0,1,6,6,6,106.16666666666667,1.0,1
282,10,13,0,0,0,0,0,0,0,0,1,6,6,6,116.0,1.0,1
283,10,15,0,0,0,0,0,0,0,0,1,6,6,6,97.16666666666667,1.0,1
284,8,22,0,0,0,0,0,0,0,0,1,6,6,6,118.0,1.0,1
285,5,13,0,0,0,0,0,0,0,0,1,4,4,4,122.25,1.0,1
286,8,11,0,0,0,0,0,0,0,0,1,3,3,3,125.33333333333333,1.0,1
287,6,16,0,0,0,0,0,0,0,0,1,5,5,5,111.0,1.0,1
288,11,13,0,0,0,0,0,0,0,0,1,6,6,6,124.5,1.0,1
289,6,18,0,0,0,0,0,0,0,0,1,6,6,6,121.83333333333333,1.0,1
290,7,8,0,0,0,0,0,0,0,0,1,6,6,6,113.33333333333333,1.0,1
291,9,11,0,0,0,0,0,0,0,0,1,4,4,4,98.25,1.0,1
292,11,29,0,0,0,0,0,0,0,0,1,3,3,3,114.66666666666667,1.0,1
293,8,15,0,0,0,0,0,0,0,0,1,5,5,5,113.8,1.0,1
294,3,2,0,0,0,0,0,0,0,0,1,6,6,6,109.66666666666667,1.0,1
295,13,25,0,0,0,0,0,0,0,0,1,6,6,6,114.33333333333333,1.0,1
296,7,16,0,0,0,0,0,0,0,0,1,6,6,6,104.16666666666667,1.0,1
297,3,1,0,0,0,0,0,0,0,0,1,4,4,4,122.5,1.0,1
298,7,6,0,0,0,0,0,0,0,0,1,3,3,3,116.0,1.0,1
299,6,5,0,0,0,0,0,0,0,0,1,5,5,5,106.2,1.0,1
300,12,6,0,0,0,0,0,0,0,0,1,6,6,6,109.16666666666667,1.0,1
301,2,5,0,0,0,0,0,0,0,0,1,5,5,5,112.2,1.0,1
302,7,4,0,0,0,0,0,0,0,0,1,4,4,4,104.25,1.0,1
303,4,1,0,0,0,0,0,0,0,0,1,4,4,4,104.25,1.0,1
304,1,1,0,0,0,0,0,0,0,0,1,3,3,3,121.33333333333333,1.0,1
305,7,6,0,0,0,0,0,0,0,0,1,5,5,5,106.8,1.0,1
306,6,2,0,0,0,0,0,0,0,0,1,6,6,6,108.83333333333333,1.0,1
307,5,3,0,0,0,0,0,0,0,0,1,5,5,5,111.0,1.0,1
308,7,0,0,0,0,0,0,0,0,0,0,4,4,4,108.25,1.0,1
309,3,2,0,0,0,0,0,0,0,0,1,3,3,3,112.66666666666667,1.0,1
310,5,3,0,0,0,0,0,0,0,0,1,3,3,3,110.66666666666667,1.0,1
311,5,5,0,0,0,0,0,0,0,0,1,5,5,5,110.8,1.0,1
312,7,4,0,0,0,0,0,0,0,0,1,6,6,6,108.83333333333333,1.0,1
313,6,2,0,0,0,0,0,0,0,0,1,5,5,5,112.4,1.0,1
314,4,1,0,0,0,0,0,0,0,0,1,3,3,3,128.33333333333334,1.0,1
315,6,1,0,0,0,0,0,0,0,0,1,3,3,3,116.66666666666667,1.0,1
316,5,3,0,0,0,0,0,0,0,0,1,3,3,3,111.0,1.0,1
317,5,3,0,0,0,0,0,0,0,0,1,5,5,5,106.6,1.0,1
318,6,3,4,2,0,0,0,1,0,0,1,6,6,6,104.5,1.0,1
319,7,5,2,1,0,0,0,0,0,0,1,5,5,5,109.2,1.0,1
320,7,3,3,1,0,0,1,1,1,0,1,3,3,3,125.66666666666667,1.0,1
321,3,2,0,0,0,0,0,0,0,0,1,3,3,3,120.33333333333333,1.0,1
322,6,4,0,0,0,0,0,0,0,0,1,3,3,3,111.33333333333333,1.0,1
323,6,3,0,0,0,0,0,0,0,0,1,5,5,5,102.6,1.0,1
324,10,15,0,0,1,0,0,1,0,0,1,6,6,6,108.33333333333333,1.0,1
325,7,8,4,2,0,0,0,0,0,0,1,5,5,5,109.0,1.0,1
326,6,2,4,2,0,0,0,0,0,0,1,3,3,3,105.66666666666667,1.0,1
327,10,11,3,1,0,0,1,2,1,0,1,3,3,3,116.66666666666667,1.0,1
328,5,1,4,2,0,0,0,0,0,0,1,3,3,3,118.66666666666667,1.0,1
329,9,13,5,2,0,0,1,2,1,0,1,3,3,3,109.0,1.0,1
330,5,4,4,2,0,0,0,0,0,0,1,5,5,5,110.8,1.0,1
331,7,7,3,1,0,0,1,1,1,0,1,5,5,5,105.6,1.0,1
332,4,0,0,0,0,0,0,0,0,0,0,3,3,3,106.33333333333333,1.0,1
333,5,4,0,0,0,0,0,0,0,0,1,3,3,3,95.66666666666667,1.0,1
334,8,8,0,0,1,0,0,1,0,0,1,3,3,3,110.66666666666667,1.0,1
335,11,14,4,2,0,0,0,0,0,0,1,3,3,3,113.66666666666667,1.0,1
336,5,6,4,2,0,0,0,0,0,0,1,5,5,5,110.2,1.0,1
337,5,4,1,0,0,0,1,1,1,0,1,4,4,4,110.5,1.0,1
338,2,2,0,0,0,0,0,0,0,0,1,3,3,3,99.66666666666667,1.0,1
339,5,5,4,2,0,0,0,1,0,0,1,2,2,2,124.0,1.0,1
340,6,4,4,2,0,0,0,0,0,0,1,3,3,3,120.0,1.0,1
341,7,2,1,0,0,0,1,1,1,0,1,3,3,3,114.66666666666667,1.0,1
342,5,3,0,0,0,0,0,0,0,0,1,5,5,5,107.6,1.0,1
343,8,5,0,0,0,0,0,0,0,0,1,3,3,3,107.66666666666667,1.0,1
344,8,7,0,0,1,0,0,0,0,0,1,3,3,3,110.33333333333333,1.0,1
345,8,18,2,1,0,0,0,1,0,0,1,2,2,2,102.5,1.0,1
346,10,9,3,1,0,0,0,0,0,0,1,3,3,3,111.33333333333333,1.0,1
347,5,11,4,2,0,0,1,1,1,0,1,3,3,3,112.0,1.0,1
348,7,14,2,1,1,0,0,1,0,0,1,5,5,5,106.4,1.0,1
349,8,12,2,1,0,0,0,0,0,0,1,3,3,3,99.66666666666667,1.0,1
350,4,14,4,2,0,0,0,0,0,0,1,3,3,3,111.33333333333333,1.0,1
351,10,8,1,0,0,0,1,1,1,0,1,2,2,2,110.5,1.0,1
352,9,14,0,0,0,0,0,1,0,0,1,3,3,3,109.66666666666667,1.0,1
353,6,8,4,2,0,0,0,0,0,0,1,2,2,2,120.0,1.0,1
354,4,8,4,2,0,0,0,0,0,0,1,5,5,5,103.0,1.0,1
355,4,4,1,0,0,0,1,2,1,0,1,3,3,3,106.0,1.0,1
356,10,13,4,2,0,0,0,0,0,0,1,3,3,3,107.66666666666667,1.0,1
357,6,6,4,2,0,0,0,0,0,0,1,2,2,2,111.5,1.0,1
358,7,11,1,0,0,0,1,1,1,0,1,3,3,3,109.66666666666667,1.0,1
359,10,12,0,0,0,0,0,0,0,0,1,2,2,2,108.5,1.0,1
